"Date","Price","Open","High","Low","Vol.","Change %"
"08/31/2026","10.06","10.06","10.06","10.06","","13.42%"
"08/28/2026","8.87","8.87","8.87","8.87","","-0.34%"
"08/27/2026","8.90","8.90","8.90","8.90","","-2.09%"
"08/26/2026","9.09","9.09","9.09","9.09","","-5.21%"
"08/25/2026","9.59","9.59","9.59","9.59","","3.34%"
"08/24/2026","9.28","9.28","9.28","9.28","","11.27%"
"08/21/2026","8.34","8.34","8.34","8.34","","-11.84%"
"08/20/2026","9.46","8.97","9.59","8.47","","18.99%"
"08/19/2026","7.95","8.88","9.47","7.84","","-16.75%"
"08/18/2026","9.55","9.49","9.78","9.05","","12.75%"
"08/17/2026","8.47","8.41","9.14","8.25","","13.69%"
"08/14/2026","7.45","7.01","7.99","6.94","","-3.12%"
"08/13/2026","7.69","7.29","8.39","7.25","","-1.28%"
"08/12/2026","7.79","8.51","8.67","7.56","","-12.96%"
"08/11/2026","8.95","8.15","9.30","8.15","","10.90%"
"08/10/2026","8.07","7.47","8.13","6.80","","9.35%"
"08/07/2026","7.38","6.51","7.43","6.43","","11.48%"
"08/06/2026","6.62","7.22","7.39","6.53","","-6.50%"
"08/05/2026","7.08","8.08","9.01","6.49","","-1.53%"
"08/04/2026","7.19","5.40","7.21","5.29","","27.48%"
"08/03/2026","5.64","6.17","6.17","4.86","","-8.89%"
"07/31/2026","6.19","7.12","10.28","5.86","","-12.32%"
"07/30/2026","7.06","9.71","10.06","6.85","","-41.02%"
"07/29/2026","11.97","8.64","12.42","6.95","","54.25%"
"07/28/2026","7.76","8.05","9.38","7.10","","0.91%"
"07/27/2026","7.69","5.98","9.06","5.88","","-0.52%"
"07/24/2026","7.73","7.45","8.37","6.18","","5.03%"
"07/23/2026","7.36","7.53","9.22","6.57","","71.16%"
"07/22/2026","4.30","5.28","5.28","4.30","","-13.65%"
"07/21/2026","4.98","5.47","6.08","4.78","","-26.87%"
"07/20/2026","6.81","5.17","6.90","5.04","","6.74%"
"07/17/2026","6.38","6.96","7.57","5.31","","36.91%"
"07/16/2026","4.66","4.01","5.24","3.74","","25.95%"
"07/15/2026","3.70","4.28","4.81","3.58","","-19.57%"
"07/14/2026","4.60","5.12","5.40","4.44","","-16.52%"
"07/13/2026","5.51","4.35","5.94","4.25","","60.17%"
"07/10/2026","3.44","3.64","4.13","3.29","","-12.91%"
"07/09/2026","3.95","4.81","5.19","3.85","","-25.05%"
"07/08/2026","5.27","5.95","7.34","4.82","","15.82%"
"07/07/2026","4.55","4.37","5.34","3.97","","14.04%"
"07/06/2026","3.99","4.51","4.85","3.93","","-24.14%"
"07/02/2026","5.26","5.55","6.64","4.96","","-11.74%"
"07/01/2026","5.96","6.40","6.76","5.34","","2.94%"
"06/30/2026","5.79","7.47","7.56","5.54","","-23.41%"
"06/29/2026","7.56","9.01","10.63","7.35","","-21.17%"
"06/26/2026","9.59","12.06","12.68","7.16","","-5.61%"
"06/25/2026","10.16","9.15","11.87","9.09","","-2.68%"
"06/24/2026","10.44","12.30","14.03","10.32","","-12.27%"
"06/23/2026","11.90","12.22","12.62","10.98","","47.28%"
"06/22/2026","8.08","6.79","8.54","6.56","","0.75%"
"06/18/2026","8.02","8.60","9.72","7.79","","-32.21%"
"06/17/2026","11.83","8.91","12.73","8.74","","25.85%"
"06/16/2026","9.40","7.88","9.40","7.81","","16.63%"
"06/15/2026","8.06","8.10","8.82","7.64","","-24.95%"
"06/12/2026","10.74","12.77","13.60","10.56","","-18.51%"
"06/11/2026","13.18","16.65","18.75","11.19","","-25.96%"
"06/10/2026","17.80","14.99","18.22","13.78","","30.40%"
"06/09/2026","13.65","10.29","19.65","9.88","","14.04%"
"06/08/2026","11.97","10.57","12.48","10.12","","-17.56%"
"06/05/2026","14.52","7.68","14.60","7.44","","110.13%"
"06/04/2026","6.91","7.47","7.47","6.42","","9.34%"
"06/03/2026","6.32","6.17","6.98","5.96","","7.85%"
"06/02/2026","5.86","6.23","6.28","5.66","","-2.66%"
"06/01/2026","6.02","7.15","7.17","5.46","","-4.90%"
"05/29/2026","6.33","7.76","7.76","6.31","","-22.24%"
"05/28/2026","8.14","8.85","9.18","7.56","","-9.56%"
"05/27/2026","9.00","9.79","10.16","8.99","","-11.42%"
"05/26/2026","10.16","10.28","10.63","9.77","","-6.96%"
"05/22/2026","10.92","10.54","11.59","10.36","","0.92%"
"05/21/2026","10.82","11.79","12.22","10.55","","0.28%"
"05/20/2026","10.79","12.16","12.31","10.52","","-12.35%"
"05/19/2026","12.31","11.29","12.90","10.89","","12.22%"
"05/18/2026","10.97","11.16","12.53","10.07","","1.29%"
"05/15/2026","10.83","10.62","11.13","9.64","","26.52%"
"05/14/2026","8.56","9.27","9.31","8.06","","-9.32%"
"05/13/2026","9.44","10.43","10.88","9.38","","-10.52%"
"05/12/2026","10.55","11.41","12.48","10.38","","-0.94%"
"05/11/2026","10.65","11.68","11.68","9.58","","5.65%"
"05/08/2026","10.08","10.64","11.41","9.97","","-7.52%"
"05/07/2026","10.90","11.01","12.09","10.04","","-4.47%"
"05/06/2026","11.41","10.71","11.58","10.28","","-4.60%"
"05/05/2026","11.96","12.27","12.55","11.29","","-15.60%"
"05/04/2026","14.17","13.91","15.30","11.18","","16.82%"
"05/01/2026","12.13","10.86","12.38","10.29","","14.11%"
"04/30/2026","10.63","12.38","13.53","10.58","","-5.76%"
"04/29/2026","11.28","11.25","11.78","9.64","","10.81%"
"04/28/2026","10.18","11.09","11.38","10.06","","10.65%"
"04/27/2026","9.20","12.31","12.31","9.20","","-17.64%"
"04/24/2026","11.17","12.04","12.42","10.14","","-11.91%"
"04/23/2026","12.68","12.18","16.68","11.39","","9.97%"
"04/22/2026","11.53","12.09","12.54","11.11","","-9.57%"
"04/21/2026","12.75","13.15","15.45","6.11","","2.25%"
"04/20/2026","12.47","13.05","14.38","11.68","","15.04%"
"04/17/2026","10.84","10.12","11.64","9.14","","-0.91%"
"04/16/2026","10.94","11.17","12.97","10.67","","-1.00%"
"04/15/2026","11.05","10.75","11.80","9.80","","-4.58%"
"04/14/2026","11.58","11.59","12.05","10.69","","-6.54%"
"04/13/2026","12.39","16.35","16.35","12.14","","-8.76%"
"04/10/2026","13.58","13.32","14.88","12.55","","-4.70%"
"04/09/2026","14.25","16.98","17.23","13.73","","-17.49%"
"04/08/2026","17.27","15.12","19.60","15.02","","-32.80%"
"04/07/2026","25.70","26.10","30.78","25.67","","6.73%"
"04/06/2026","24.08","27.06","27.06","22.35","","-3.68%"
"04/02/2026","25.00","30.68","31.21","24.91","","-4.14%"
"04/01/2026","26.08","26.33","27.86","23.81","","-7.22%"
"03/31/2026","28.11","32.39","34.38","27.84","","-25.63%"
"03/30/2026","37.80","38.73","39.13","35.60","","-9.31%"
"03/27/2026","41.68","40.28","42.99","37.48","","15.17%"
"03/26/2026","36.19","36.63","47.77","21.95","","4.11%"
"03/25/2026","34.76","34.93","38.29","34.17","","-7.28%"
"03/24/2026","37.49","40.05","41.06","35.46","","-0.32%"
"03/23/2026","37.61","40.27","40.33","31.77","","-2.82%"
"03/20/2026","38.70","34.65","44.67","34.17","","17.17%"
"03/19/2026","33.03","39.45","39.66","31.77","","-7.69%"
"03/18/2026","35.78","31.00","35.99","30.12","","21.29%"
"03/17/2026","29.50","26.67","30.79","26.67","","-0.20%"
"03/16/2026","29.56","33.61","33.61","28.14","","-20.56%"
"03/13/2026","37.21","30.74","37.74","29.66","","4.76%"
"03/12/2026","35.52","32.56","35.96","31.07","","21.73%"
"03/11/2026","29.18","28.68","31.93","25.53","","0.72%"
"03/10/2026","28.97","26.42","31.10","22.63","","4.10%"
"03/09/2026","27.83","36.06","36.06","25.01","","-10.02%"
"03/06/2026","30.93","30.37","32.15","25.64","","34.65%"
"03/05/2026","22.97","20.12","27.31","18.30","","27.97%"
"03/04/2026","17.95","20.33","22.10","16.71","","-19.72%"
"03/03/2026","22.36","23.54","29.12","19.60","","25.06%"
"03/02/2026","17.88","23.67","23.67","15.70","","19.12%"
"02/27/2026","15.01","18.46","18.83","14.80","","9.01%"
"02/26/2026","13.77","11.45","16.72","11.31","","28.33%"
"02/25/2026","10.73","12.22","13.13","10.65","","-25.90%"
"02/24/2026","14.48","18.33","18.98","13.72","","-15.57%"
"02/23/2026","17.15","16.44","19.36","14.28","","23.03%"
"02/20/2026","13.94","18.38","18.38","13.70","","-15.41%"
"02/19/2026","16.48","16.80","18.07","15.87","","7.57%"
"02/18/2026","15.32","16.05","16.67","13.66","","-5.61%"
"02/17/2026","16.23","18.98","20.16","15.16","","0.93%"
"02/13/2026","16.08","15.63","18.58","13.21","","1.52%"
"02/12/2026","15.84","10.70","16.58","10.03","","33.22%"
"02/11/2026","11.89","10.61","14.22","10.53","","-5.33%"
"02/10/2026","12.56","10.96","12.92","10.64","","12.95%"
"02/09/2026","11.12","15.60","15.60","10.28","","-6.24%"
"02/06/2026","11.86","15.08","15.47","10.96","","-31.72%"
"02/05/2026","17.37","17.36","19.24","14.55","","46.21%"
"02/04/2026","11.88","11.21","15.78","10.92","","9.90%"
"02/03/2026","10.81","8.92","14.95","8.65","","23.26%"
"02/02/2026","8.77","12.12","12.12","8.24","","-18.72%"
"01/30/2026","10.79","10.39","12.52","8.89","","25.03%"
"01/29/2026","8.63","8.88","13.21","8.39","","17.57%"
"01/28/2026","7.34","7.58","8.58","7.02","","-5.05%"
"01/27/2026","7.73","7.77","7.82","6.88","","2.25%"
"01/26/2026","7.56","8.88","8.88","6.97","","-9.24%"
"01/23/2026","8.33","8.34","8.89","7.17","","-2.69%"
"01/22/2026","8.56","8.77","9.79","7.84","","-17.13%"
"01/21/2026","10.33","13.13","14.01","9.51","","-26.89%"
"01/20/2026","14.13","17.02","17.02","11.97","","64.69%"
"01/16/2026","8.58","7.72","9.00","7.59","","2.51%"
"01/15/2026","8.37","8.09","8.51","7.39","","-14.15%"
"01/14/2026","9.75","10.12","12.10","9.34","","10.92%"
"01/13/2026","8.79","7.66","9.47","7.55","","14.75%"
"01/12/2026","7.66","9.59","9.59","7.41","","12.81%"
"01/09/2026","6.79","8.19","8.59","6.75","","-19.17%"
"01/08/2026","8.40","9.21","9.39","8.10","","-6.77%"
"01/07/2026","9.01","8.67","9.34","8.15","","8.03%"
"01/06/2026","8.34","8.74","8.85","8.09","","-4.69%"
"01/05/2026","8.75","9.69","9.73","8.57","","-11.44%"
"01/02/2026","9.88","10.48","11.01","9.54","","-20.32%"
"12/31/2025","12.40","11.49","13.17","11.37","","4.91%"
"12/30/2025","11.82","11.64","11.95","10.74","","6.20%"
"12/29/2025","11.13","12.46","12.46","10.34","","8.06%"
"12/26/2025","10.30","11.10","11.67","9.99","","-16.26%"
"12/24/2025","12.30","12.98","12.98","11.90","","-3.53%"
"12/23/2025","12.75","12.73","12.83","11.83","","5.99%"
"12/22/2025","12.03","14.12","14.12","11.68","","-12.51%"
"12/19/2025","13.75","16.25","16.34","13.72","","-24.45%"
"12/18/2025","18.20","17.62","19.60","16.09","","-6.47%"
"12/17/2025","19.46","16.58","20.69","16.08","","14.54%"
"12/16/2025","16.99","17.13","19.67","16.22","","4.88%"
"12/15/2025","16.20","14.65","16.91","13.88","","16.88%"
"12/12/2025","13.86","12.04","17.84","11.76","","20.00%"
"12/11/2025","11.55","14.39","15.14","11.38","","-15.51%"
"12/10/2025","13.67","17.48","17.95","13.09","","-17.40%"
"12/09/2025","16.55","16.22","16.69","15.51","","7.75%"
"12/08/2025","15.36","16.30","16.30","14.19","","13.44%"
"12/05/2025","13.54","13.42","14.69","13.08","","-3.56%"
"12/04/2025","14.04","14.38","15.70","13.84","","-4.49%"
"12/03/2025","14.70","16.81","16.94","14.53","","-12.08%"
"12/02/2025","16.72","16.20","18.02","15.56","","-2.62%"
"12/01/2025","17.17","19.13","19.13","15.54","","14.70%"
"11/28/2025","14.97","14.96","58.79","14.14","","-3.61%"
"11/26/2025","15.53","14.99","15.70","14.37","","-1.46%"
"11/25/2025","15.76","19.76","21.74","15.44","","-24.34%"
"11/24/2025","20.83","25.87","25.87","20.33","","-15.05%"
"11/21/2025","24.52","26.92","30.66","22.92","","-12.43%"
"11/20/2025","28.00","16.92","31.72","16.35","","24.39%"
"11/19/2025","22.51","23.87","24.12","18.77","","-8.79%"
"11/18/2025","24.68","23.94","26.44","20.44","","13.94%"
"11/17/2025","21.66","22.88","23.89","17.23","","25.06%"
"11/14/2025","17.32","20.61","22.27","16.08","","4.02%"
"11/13/2025","16.65","14.48","19.33","14.33","","25.00%"
"11/12/2025","13.32","12.88","14.00","12.73","","4.31%"
"11/11/2025","12.77","12.72","13.59","12.67","","3.74%"
"11/10/2025","12.31","16.90","16.90","12.03","","-17.99%"
"11/07/2025","15.01","18.38","22.11","15.01","","-7.91%"
"11/06/2025","16.30","14.87","18.34","14.31","","11.80%"
"11/05/2025","14.58","16.76","17.21","12.59","","-10.39%"
"11/04/2025","16.27","15.83","16.97","14.39","","36.61%"
"11/03/2025","11.91","13.06","14.52","11.09","","-4.95%"
"10/31/2025","12.53","11.14","14.99","11.12","","14.12%"
"10/30/2025","10.98","9.19","11.96","9.04","","45.24%"
"10/29/2025","7.56","7.56","9.16","6.67","","-2.95%"
"10/28/2025","7.79","7.04","8.04","6.67","","5.27%"
"10/27/2025","7.40","7.51","8.07","7.03","","-4.02%"
"10/24/2025","7.71","7.73","8.52","7.23","","-14.43%"
"10/23/2025","9.01","10.93","11.23","8.39","","-11.84%"
"10/22/2025","10.22","10.00","16.73","9.43","","9.30%"
"10/21/2025","9.35","9.88","10.49","8.33","","2.19%"
"10/20/2025","9.15","11.34","11.38","8.92","","-29.72%"
"10/17/2025","13.02","17.75","19.15","12.83","","-33.16%"
"10/16/2025","19.48","12.40","19.53","12.31","","45.37%"
"10/15/2025","13.40","11.98","16.51","11.02","","-4.35%"
"10/14/2025","14.01","15.12","17.43","11.26","","25.65%"
"10/13/2025","11.15","12.49","14.09","10.66","","-23.47%"
"10/10/2025","14.57","7.62","16.40","1.04","","85.84%"
"10/09/2025","7.84","7.59","8.66","7.31","","1.16%"
"10/08/2025","7.75","9.58","9.82","7.61","","-17.20%"
"10/07/2025","9.36","7.54","9.87","7.34","","25.98%"
"10/06/2025","7.43","8.57","8.57","7.15","","-19.41%"
"10/03/2025","9.22","8.85","9.95","8.59","","-1.71%"
"10/02/2025","9.38","8.15","9.79","7.90","","2.63%"
"10/01/2025","9.14","10.29","10.55","8.57","","-6.92%"
"09/30/2025","9.82","10.70","11.07","9.34","","-6.21%"
"09/29/2025","10.47","10.26","10.78","9.83","","-1.13%"
"09/26/2025","10.59","12.61","13.66","10.59","","-21.38%"
"09/25/2025","13.47","14.51","15.81","13.25","","0.67%"
"09/24/2025","13.38","13.56","15.30","13.38","","-4.97%"
"09/23/2025","14.08","12.57","14.93","12.50","","12.19%"
"09/22/2025","12.55","13.31","13.78","11.76","","-5.57%"
"09/19/2025","13.29","12.83","14.67","12.61","","-1.48%"
"09/18/2025","13.49","13.37","14.07","12.70","","-4.33%"
"09/17/2025","14.10","14.69","16.30","13.25","","-4.47%"
"09/16/2025","14.76","13.72","14.86","13.72","","8.45%"
"09/15/2025","13.61","12.19","13.65","12.06","","10.11%"
"09/12/2025","12.36","12.40","12.93","11.78","","-4.78%"
"09/11/2025","12.98","12.02","13.48","11.83","","-2.11%"
"09/10/2025","13.26","13.99","14.15","12.27","","-8.17%"
"09/09/2025","14.44","15.73","16.66","14.36","","-2.56%"
"09/08/2025","14.82","14.90","15.62","14.32","","-3.07%"
"09/05/2025","15.29","14.09","18.77","13.85","","-3.17%"
"09/04/2025","15.79","16.98","17.35","15.79","","-9.77%"
"09/03/2025","17.50","19.00","19.47","17.50","","-1.96%"
"09/02/2025","17.85","20.66","22.59","17.76","","24.22%"
"08/29/2025","14.37","12.42","15.53","12.17","","14.41%"
"08/28/2025","12.56","10.81","12.59","10.59","","23.26%"
"08/27/2025","10.19","9.98","10.79","9.44","","9.57%"
"08/26/2025","9.30","11.02","11.08","9.30","","-6.91%"
"08/25/2025","9.99","10.44","10.70","9.02","","4.50%"
"08/22/2025","9.56","14.43","14.62","9.40","","-38.64%"
"08/21/2025","15.58","14.61","16.56","13.92","","18.39%"
"08/20/2025","13.16","12.25","15.41","12.25","","8.85%"
"08/19/2025","12.09","11.37","12.93","10.69","","7.09%"
"08/18/2025","11.29","10.99","12.03","10.84","","10.47%"
"08/15/2025","10.22","9.14","10.42","9.14","","3.44%"
"08/14/2025","9.88","10.08","10.85","9.32","","6.93%"
"08/13/2025","9.24","10.36","10.94","8.94","","-14.13%"
"08/12/2025","10.76","11.71","12.45","10.42","","-17.67%"
"08/11/2025","13.07","11.53","13.48","11.40","","19.58%"
"08/08/2025","10.93","12.36","13.15","10.93","","-19.93%"
"08/07/2025","13.65","12.97","15.76","12.64","","-4.68%"
"08/06/2025","14.32","17.31","17.50","13.85","","-11.22%"
"08/05/2025","16.13","14.40","17.45","13.70","","19.22%"
"08/04/2025","13.53","16.09","16.43","13.53","","-32.69%"
"08/01/2025","20.10","17.23","22.96","17.04","","70.48%"
"07/31/2025","11.79","9.55","12.56","9.03","","33.37%"
"07/30/2025","8.84","10.56","12.48","8.84","","-17.31%"
"07/29/2025","10.69","9.36","10.88","9.14","","12.05%"
"07/28/2025","9.54","10.08","10.80","9.54","","-11.83%"
"07/25/2025","10.82","10.99","11.60","10.82","","-8.38%"
"07/24/2025","11.81","10.87","11.95","10.76","","7.56%"
"07/23/2025","10.98","12.58","12.75","10.74","","-15.15%"
"07/22/2025","12.94","14.15","14.72","12.75","","-4.36%"
"07/21/2025","13.53","12.70","13.78","12.68","","4.72%"
"07/18/2025","12.92","12.25","13.59","12.08","","2.62%"
"07/17/2025","12.59","14.34","14.40","12.59","","-13.11%"
"07/16/2025","14.49","13.90","18.54","13.84","","-1.63%"
"07/15/2025","14.73","12.52","14.78","12.51","","5.06%"
"07/14/2025","14.02","13.30","14.08","13.04","","15.77%"
"07/11/2025","12.11","12.20","12.78","11.40","","6.51%"
"07/10/2025","11.37","11.60","11.97","11.21","","-7.41%"
"07/09/2025","12.28","12.40","13.41","11.91","","-11.14%"
"07/08/2025","13.82","14.29","14.62","13.69","","-12.42%"
"07/07/2025","15.78","14.48","16.70","14.41","","11.60%"
"07/03/2025","14.14","12.87","14.32","12.80","","-1.26%"
"07/02/2025","14.32","15.18","15.43","14.09","","-3.83%"
"07/01/2025","14.89","15.21","15.57","14.38","","2.83%"
"06/30/2025","14.48","14.48","15.55","14.11","","-4.30%"
"06/27/2025","15.13","15.25","16.79","14.94","","-9.18%"
"06/26/2025","16.66","16.98","17.10","16.07","","-9.65%"
"06/25/2025","18.44","20.07","20.47","18.20","","-12.85%"
"06/24/2025","21.16","22.21","22.87","20.64","","-16.26%"
"06/23/2025","25.27","25.76","31.40","24.90","","-9.33%"
"06/20/2025","27.87","24.62","29.74","24.50","","-0.04%"
"06/18/2025","27.88","29.61","30.58","26.95","","-9.54%"
"06/17/2025","30.82","25.33","30.82","25.16","","26.99%"
"06/16/2025","24.27","23.82","25.27","23.55","","-11.71%"
"06/13/2025","27.49","25.69","29.51","24.53","","19.21%"
"06/12/2025","23.06","22.91","23.71","21.52","","5.49%"
"06/11/2025","21.86","20.61","23.62","20.23","","0.37%"
"06/10/2025","21.78","21.85","22.87","21.15","","0.60%"
"06/09/2025","21.65","21.29","21.66","20.59","","8.90%"
"06/06/2025","19.88","19.48","22.19","19.44","","-7.71%"
"06/05/2025","21.54","21.18","23.04","20.53","","-2.97%"
"06/04/2025","22.20","21.69","23.01","21.62","","-1.99%"
"06/03/2025","22.65","23.64","24.68","22.32","","-4.67%"
"06/02/2025","23.76","23.30","26.00","23.25","","3.80%"
"05/30/2025","22.89","23.64","25.82","22.65","","0.70%"
"05/29/2025","22.73","21.15","24.61","20.32","","11.48%"
"05/28/2025","20.39","18.86","20.87","18.86","","11.18%"
"05/27/2025","18.34","21.40","22.66","18.28","","-31.08%"
"05/23/2025","26.61","28.70","28.75","24.18","","18.16%"
"05/22/2025","22.52","23.64","24.45","21.21","","-6.44%"
"05/21/2025","24.07","21.22","24.13","19.26","","22.00%"
"05/20/2025","19.73","18.79","20.35","18.48","","-0.65%"
"05/19/2025","19.86","20.75","21.03","19.16","","19.06%"
"05/16/2025","16.68","16.23","17.79","15.80","","-1.48%"
"05/15/2025","16.93","18.39","19.72","16.58","","-6.26%"
"05/14/2025","18.06","18.48","19.23","16.95","","-4.80%"
"05/13/2025","18.97","20.47","20.48","18.01","","-14.63%"
"05/12/2025","22.22","24.53","25.73","21.37","","-26.11%"
"05/09/2025","30.07","28.91","31.53","28.67","","1.25%"
"05/08/2025","29.70","30.08","32.59","28.95","","-6.34%"
"05/07/2025","31.71","35.90","37.35","30.60","","-8.72%"
"05/06/2025","34.74","34.29","35.24","33.22","","10.57%"
"05/05/2025","31.42","31.89","32.27","29.50","","5.15%"
"05/02/2025","29.88","30.44","31.81","29.14","","-7.86%"
"05/01/2025","32.43","31.00","32.97","29.27","","8.35%"
"04/30/2025","29.93","33.90","37.74","28.93","","0.47%"
"04/29/2025","29.79","31.95","32.43","28.99","","-3.50%"
"04/28/2025","30.87","29.69","33.19","29.59","","-1.03%"
"04/25/2025","31.19","34.24","36.32","30.54","","-4.82%"
"04/24/2025","32.77","35.72","36.93","32.41","","-11.96%"
"04/23/2025","37.22","37.24","40.71","35.80","","-7.07%"
"04/22/2025","40.05","39.73","42.92","38.98","","-7.95%"
"04/21/2025","43.51","39.94","44.95","39.62","","18.88%"
"04/17/2025","36.60","37.16","40.65","36.60","","-11.21%"
"04/16/2025","41.22","39.70","43.23","36.17","","13.15%"
"04/15/2025","36.43","33.88","37.38","33.37","","4.99%"
"04/14/2025","34.70","36.46","40.14","32.65","","-18.41%"
"04/11/2025","42.53","46.70","51.02","40.51","","0.64%"
"04/10/2025","42.26","38.14","55.35","36.38","","17.00%"
"04/09/2025","36.12","55.40","55.77","17.65","","-27.62%"
"04/08/2025","49.90","40.06","54.78","35.85","","10.35%"
"04/07/2025","45.22","50.29","526.02","24.44","","-1.33%"
"04/04/2025","45.83","41.48","47.14","31.31","","40.37%"
"04/03/2025","32.65","29.97","32.65","27.14","","67.44%"
"04/02/2025","19.50","26.71","26.71","0.64","","-17.48%"
"04/01/2025","23.63","24.80","26.83","23.43","","-2.88%"
"03/31/2025","24.33","27.95","28.39","23.45","","-10.39%"
"03/28/2025","27.15","22.62","27.92","22.62","","19.87%"
"03/27/2025","22.65","23.09","24.52","21.82","","-2.33%"
"03/26/2025","23.19","21.63","25.21","20.92","","6.87%"
"03/25/2025","21.70","21.99","23.66","21.32","","-3.94%"
"03/24/2025","22.59","25.16","25.46","22.27","","-17.04%"
"03/21/2025","27.23","28.76","29.35","26.76","","1.76%"
"03/20/2025","26.76","29.05","29.07","26.29","","-2.37%"
"03/19/2025","27.41","29.40","30.46","26.29","","-8.85%"
"03/18/2025","30.07","28.84","34.24","28.61","","8.28%"
"03/17/2025","27.77","29.46","29.66","27.26","","-8.89%"
"03/14/2025","30.48","32.45","167.21","24.76","","-5.63%"
"03/13/2025","32.30","32.61","35.55","30.94","","-4.01%"
"03/12/2025","33.65","33.40","35.76","31.86","","-5.66%"
"03/11/2025","35.67","34.36","41.22","33.23","","8.95%"
"03/10/2025","32.74","34.22","35.99","30.42","","8.73%"
"03/07/2025","30.11","32.31","35.38","29.03","","-4.47%"
"03/06/2025","31.52","29.84","33.67","28.29","","15.80%"
"03/05/2025","27.22","28.14","30.43","25.52","","3.26%"
"03/04/2025","26.36","27.44","30.84","23.99","","2.97%"
"03/03/2025","25.60","20.27","28.26","19.59","","23.49%"
"02/28/2025","20.73","23.34","26.30","19.15","","-12.09%"
"02/27/2025","23.58","18.09","24.34","17.97","","40.36%"
"02/26/2025","16.80","15.53","18.14","13.95","","10.96%"
"02/25/2025","15.14","15.79","19.53","14.73","","1.34%"
"02/24/2025","14.94","13.79","17.13","12.97","","8.97%"
"02/21/2025","13.71","9.14","14.46","9.04","","47.58%"
"02/20/2025","9.29","8.86","11.09","8.63","","5.81%"
"02/19/2025","8.78","9.52","9.71","8.18","","2.93%"
"02/18/2025","8.53","9.30","9.79","8.53","","10.78%"
"02/14/2025","7.70","8.15","8.66","7.24","","-7.89%"
"02/13/2025","8.36","11.05","11.76","8.24","","-26.99%"
"02/12/2025","11.45","12.98","13.51","11.23","","4.85%"
"02/11/2025","10.92","11.39","11.79","10.55","","1.39%"
"02/10/2025","10.77","10.79","12.02","10.56","","-3.32%"
"02/07/2025","11.14","8.81","17.23","8.73","","17.02%"
"02/06/2025","9.52","9.05","10.66","8.87","","1.93%"
"02/05/2025","9.34","11.11","12.81","9.34","","-16.38%"
"02/04/2025","11.17","11.43","11.49","10.31","","-8.37%"
"02/03/2025","12.19","12.17","19.71","7.21","","46.16%"
"01/31/2025","8.34","6.24","9.43","5.85","","28.90%"
"01/30/2025","6.47","7.13","8.09","5.39","","0.31%"
"01/29/2025","6.45","8.31","9.10","6.19","","-19.07%"
"01/28/2025","7.97","9.41","11.02","7.46","","-9.64%"
"01/27/2025","8.82","11.99","11.99","7.79","","15.45%"
"01/24/2025","7.64","7.45","7.93","7.20","","-3.66%"
"01/23/2025","7.93","7.91","8.24","7.60","","-3.17%"
"01/22/2025","8.19","9.58","9.58","7.91","","-9.10%"
"01/21/2025","9.01","11.03","11.41","8.79","","-20.55%"
"01/17/2025","11.34","11.14","11.86","10.83","","-8.18%"
"01/16/2025","12.35","12.12","12.49","11.28","","2.66%"
"01/15/2025","12.03","13.54","14.28","11.90","","-28.22%"
"01/14/2025","16.76","16.30","18.67","15.43","","1.09%"
"01/13/2025","16.58","18.69","19.01","16.37","","-1.66%"
"01/10/2025","16.86","16.06","17.65","14.85","","19.15%"
"01/08/2025","14.15","15.25","17.02","13.46","","6.15%"
"01/07/2025","13.33","8.51","15.18","8.44","","50.62%"
"01/06/2025","8.85","10.33","10.33","8.56","","-22.91%"
"01/03/2025","11.48","13.60","13.87","11.08","","-23.82%"
"01/02/2025","15.07","13.21","17.51","12.83","","6.13%"
"12/31/2024","14.20","13.16","16.07","13.08","","-2.47%"
"12/30/2024","14.56","14.74","16.21","12.59","","22.97%"
"12/27/2024","11.84","11.15","15.44","11.06","","25.82%"
"12/26/2024","9.41","10.40","11.58","8.62","","-9.52%"
"12/24/2024","10.40","15.22","15.30","9.96","","-33.03%"
"12/23/2024","15.53","17.20","21.52","15.33","","-19.28%"
"12/20/2024","19.24","23.23","24.20","15.49","","-17.50%"
"12/19/2024","23.32","18.79","24.10","18.04","","-16.18%"
"12/18/2024","27.82","9.89","30.14","5.49","","185.63%"
"12/17/2024","9.74","9.59","9.94","8.46","","15.13%"
"12/16/2024","8.46","8.83","8.83","7.74","","3.55%"
"12/13/2024","8.17","7.76","9.38","7.49","","-10.81%"
"12/12/2024","9.16","7.90","9.16","7.61","","11.17%"
"12/11/2024","8.24","8.90","9.04","8.06","","-17.10%"
"12/10/2024","9.94","10.19","10.81","9.39","","-1.29%"
"12/09/2024","10.07","10.22","10.22","8.33","","21.77%"
"12/06/2024","8.27","8.75","9.52","8.12","","-19.32%"
"12/05/2024","10.25","10.32","10.69","9.57","","-5.00%"
"12/04/2024","10.79","10.84","11.68","10.51","","-2.35%"
"12/03/2024","11.05","11.44","12.20","10.63","","2.98%"
"12/02/2024","10.73","12.23","12.43","10.73","","-4.62%"
"11/29/2024","11.25","12.12","12.42","10.89","","-15.48%"
"11/27/2024","13.31","12.96","15.03","12.63","","7.60%"
"11/26/2024","12.37","12.21","12.74","11.84","","1.89%"
"11/25/2024","12.14","14.54","15.06","11.92","","-7.40%"
"11/22/2024","13.11","15.43","16.14","12.96","","-20.11%"
"11/21/2024","16.41","14.97","19.04","14.18","","17.13%"
"11/20/2024","14.01","13.63","17.17","13.43","","4.01%"
"11/19/2024","13.47","14.76","15.27","12.50","","11.14%"
"11/18/2024","12.12","13.90","14.15","11.03","","14.99%"
"11/15/2024","10.54","9.70","13.33","9.31","","15.82%"
"11/14/2024","9.10","8.48","9.29","7.84","","3.06%"
"11/13/2024","8.83","9.77","10.12","8.48","","-11.35%"
"11/12/2024","9.96","11.50","11.64","9.78","","-8.20%"
"11/11/2024","10.85","14.69","14.69","10.74","","-6.79%"
"11/08/2024","11.64","11.64","12.49","11.44","","-8.78%"
"11/07/2024","12.76","12.57","13.97","12.24","","-7.13%"
"11/06/2024","13.74","12.18","16.71","12.12","","-37.06%"
"11/05/2024","21.83","25.18","25.18","21.83","","-13.92%"
"11/04/2024","25.36","31.39","31.39","24.71","","1.24%"
"11/01/2024","25.05","22.28","25.91","21.84","","12.94%"
"10/31/2024","22.18","21.41","23.84","20.02","","33.86%"
"10/30/2024","16.57","15.80","16.72","14.99","","19.81%"
"10/29/2024","13.83","15.64","16.17","13.66","","-5.27%"
"10/28/2024","14.60","15.45","15.45","13.01","","-3.18%"
"10/25/2024","15.08","12.16","15.80","11.97","","13.98%"
"10/24/2024","13.23","13.38","15.79","12.98","","-5.09%"
"10/23/2024","13.94","12.66","16.25","12.57","","12.33%"
"10/22/2024","12.41","14.10","14.36","11.96","","2.14%"
"10/21/2024","12.15","13.63","13.88","12.15","","-6.11%"
"10/18/2024","12.94","13.44","13.79","12.65","","-3.36%"
"10/17/2024","13.39","15.06","15.45","13.39","","-15.09%"
"10/16/2024","15.77","17.47","17.90","15.68","","-9.05%"
"10/15/2024","17.34","16.83","17.90","16.34","","4.14%"
"10/14/2024","16.65","19.60","19.60","16.62","","-1.83%"
"10/11/2024","16.96","16.84","17.37","16.23","","0.24%"
"10/10/2024","16.92","17.50","17.89","16.28","","-3.86%"
"10/09/2024","17.60","18.46","18.83","17.26","","-5.43%"
"10/08/2024","18.61","19.22","20.19","18.01","","-9.00%"
"10/07/2024","20.45","23.51","23.55","18.20","","81.94%"
"10/04/2024","11.24","12.05","13.60","10.55","","-22.75%"
"10/03/2024","14.55","14.37","16.02","12.89","","5.05%"
"10/02/2024","13.85","15.91","17.68","13.85","","-5.65%"
"10/01/2024","14.68","11.38","16.48","10.95","","34.43%"
"09/30/2024","10.92","13.64","13.64","10.35","","-11.65%"
"09/27/2024","12.36","10.06","12.36","9.76","","14.23%"
"09/26/2024","10.82","10.83","12.09","10.68","","-11.46%"
"09/25/2024","12.22","12.19","13.06","11.75","","-2.00%"
"09/24/2024","12.47","14.24","15.73","12.06","","-13.46%"
"09/23/2024","14.41","17.16","17.16","14.04","","-6.43%"
"09/20/2024","15.40","15.40","16.60","14.66","","-3.27%"
"09/19/2024","15.92","15.80","17.84","15.29","","-21.85%"
"09/18/2024","20.37","20.81","36.79","1.64","","6.82%"
"09/17/2024","19.07","18.48","20.06","17.56","","4.15%"
"09/16/2024","18.31","22.24","22.24","17.57","","4.33%"
"09/13/2024","17.55","18.41","18.87","16.84","","-5.54%"
"09/12/2024","18.58","21.50","22.42","17.81","","-12.56%"
"09/11/2024","21.25","24.84","30.27","20.71","","-16.44%"
"09/10/2024","25.43","24.93","30.19","24.71","","0.00%"
"09/09/2024","25.43","31.52","31.52","23.78","","-13.18%"
"09/06/2024","29.29","21.11","31.63","20.94","","22.96%"
"09/05/2024","23.82","25.31","27.42","22.14","","-9.46%"
"09/04/2024","26.31","25.96","28.28","21.92","","17.40%"
"09/03/2024","22.41","19.65","26.14","16.34","","63.22%"
"08/30/2024","13.73","12.85","15.44","12.39","","-2.90%"
"08/29/2024","14.14","14.11","15.86","13.17","","22.21%"
"08/28/2024","11.57","8.99","12.85","8.69","","34.38%"
"08/27/2024","8.61","9.88","10.61","8.43","","-1.71%"
"08/26/2024","8.76","10.42","10.46","8.49","","-7.69%"
"08/23/2024","9.49","10.96","12.30","8.86","","-21.83%"
"08/22/2024","12.14","11.13","14.17","11.03","","-3.34%"
"08/21/2024","12.56","12.34","14.31","11.73","","6.89%"
"08/20/2024","11.75","11.54","11.96","10.54","","8.20%"
"08/19/2024","10.86","14.35","14.35","10.30","","2.26%"
"08/16/2024","10.62","12.65","12.70","10.39","","-13.09%"
"08/15/2024","12.22","12.52","15.03","12.18","","-14.72%"
"08/14/2024","14.33","16.60","17.28","14.08","","-22.71%"
"08/13/2024","18.54","21.31","22.37","18.20","","-20.43%"
"08/12/2024","23.30","29.45","29.45","20.14","","2.55%"
"08/09/2024","22.72","27.58","29.32","22.32","","-18.68%"
"08/08/2024","27.94","27.81","31.84","26.81","","-13.47%"
"08/07/2024","32.29","25.09","36.96","24.23","","0.22%"
"08/06/2024","32.22","32.86","34.48","25.92","","-18.68%"
"08/05/2024","39.62","76.91","76.91","22.87","","81.33%"
"08/02/2024","21.85","22.09","27.78","19.36","","39.17%"
"08/01/2024","15.70","12.35","17.59","11.59","","31.93%"
"07/31/2024","11.90","12.82","13.38","10.98","","-15.12%"
"07/30/2024","14.02","11.76","14.96","11.56","","21.81%"
"07/29/2024","11.51","13.22","13.22","10.78","","-2.21%"
"07/26/2024","11.77","13.20","13.61","11.77","","-26.07%"
"07/25/2024","15.92","15.24","16.95","12.64","","4.46%"
"07/24/2024","15.24","11.97","16.27","11.85","","65.65%"
"07/23/2024","9.20","9.03","9.45","8.62","","6.36%"
"07/22/2024","8.65","10.69","10.69","8.46","","-13.93%"
"07/19/2024","10.05","9.29","11.07","8.66","","18.65%"
"07/18/2024","8.47","6.88","9.40","6.60","","19.97%"
"07/17/2024","7.06","6.66","7.63","6.06","","29.54%"
"07/16/2024","5.45","4.72","5.57","4.66","","13.31%"
"07/15/2024","4.81","4.77","5.02","3.68","","64.16%"
"07/12/2024","2.93","3.34","3.40","2.84","","-24.29%"
"07/11/2024","3.87","3.57","4.72","3.41","","-6.07%"
"07/10/2024","4.12","3.92","4.15","3.63","","2.23%"
"07/09/2024","4.03","3.86","4.44","3.58","","5.50%"
"07/08/2024","3.82","4.12","4.12","3.61","","-5.91%"
"07/05/2024","4.06","4.11","4.24","3.48","","-8.97%"
"07/03/2024","4.46","4.93","5.12","4.42","","-10.26%"
"07/02/2024","4.97","5.76","5.76","4.70","","-3.12%"
"07/01/2024","5.13","6.71","7.19","4.85","","-8.23%"
"06/28/2024","5.59","5.83","6.59","5.24","","-4.93%"
"06/27/2024","5.88","6.60","7.14","5.80","","-13.91%"
"06/26/2024","6.83","8.67","8.67","6.43","","-14.20%"
"06/25/2024","7.96","8.09","9.21","7.72","","-6.13%"
"06/24/2024","8.48","9.99","9.99","7.71","","7.07%"
"06/21/2024","7.92","9.43","9.57","7.74","","-8.12%"
"06/20/2024","8.62","8.05","10.00","7.34","","-1.03%"
"06/18/2024","8.71","8.74","9.94","8.26","","-6.55%"
"06/17/2024","9.32","10.42","10.88","8.08","","-0.96%"
"06/14/2024","9.41","10.45","10.53","8.67","","5.85%"
"06/13/2024","8.89","10.25","11.20","8.79","","-18.52%"
"06/12/2024","10.91","13.59","14.09","10.47","","-27.89%"
"06/11/2024","15.13","16.00","17.32","15.06","","6.18%"
"06/10/2024","14.25","13.26","14.29","13.02","","23.27%"
"06/07/2024","11.56","12.58","12.74","11.00","","-4.15%"
"06/06/2024","12.06","12.40","14.05","11.39","","-6.80%"
"06/05/2024","12.94","14.72","16.23","12.79","","-17.05%"
"06/04/2024","15.60","15.43","17.55","14.68","","12.07%"
"06/03/2024","13.92","16.94","16.94","12.72","","10.56%"
"05/31/2024","12.59","14.08","17.49","12.33","","-19.86%"
"05/30/2024","15.71","14.84","16.91","12.62","","3.08%"
"05/29/2024","15.24","15.32","15.55","13.50","","30.15%"
"05/28/2024","11.71","14.72","14.72","10.82","","-8.01%"
"05/24/2024","12.73","13.40","14.42","12.71","","-12.02%"
"05/23/2024","14.47","11.84","16.35","11.84","","19.59%"
"05/22/2024","12.10","12.13","14.13","11.93","","5.86%"
"05/21/2024","11.43","13.04","13.11","11.43","","-6.85%"
"05/20/2024","12.27","12.58","13.76","11.32","","7.16%"
"05/17/2024","11.45","11.90","12.34","11.05","","-5.68%"
"05/16/2024","12.14","12.76","13.20","11.91","","-3.57%"
"05/15/2024","12.59","14.36","14.65","12.59","","-23.09%"
"05/14/2024","16.37","16.74","17.53","15.85","","-2.73%"
"05/13/2024","16.83","19.12","19.22","15.59","","30.57%"
"05/10/2024","12.89","12.62","13.50","12.11","","-3.88%"
"05/09/2024","13.41","13.95","14.64","13.41","","-5.83%"
"05/08/2024","14.24","15.57","16.01","14.05","","-3.46%"
"05/07/2024","14.75","14.85","15.91","14.55","","0.34%"
"05/06/2024","14.70","16.31","16.43","14.30","","0.62%"
"05/03/2024","14.61","14.35","15.87","12.49","","-10.59%"
"05/02/2024","16.34","16.19","19.16","16.06","","-6.41%"
"05/01/2024","17.46","17.52","19.23","14.89","","23.31%"
"04/30/2024","14.16","12.25","15.16","11.96","","25.09%"
"04/29/2024","11.32","12.96","12.99","11.27","","-11.77%"
"04/26/2024","12.83","14.05","14.68","12.83","","14.86%"
"04/25/2024","11.17","15.68","16.34","11.02","","-14.41%"
"04/24/2024","13.05","13.13","13.89","12.21","","0.08%"
"04/23/2024","13.04","14.82","15.39","13.04","","-15.16%"
"04/22/2024","15.37","21.09","21.09","15.09","","-18.20%"
"04/19/2024","18.79","19.04","20.20","17.87","","0.70%"
"04/18/2024","18.66","17.93","19.87","17.43","","-4.70%"
"04/17/2024","19.58","19.24","21.79","18.23","","-2.64%"
"04/16/2024","20.11","20.42","21.70","18.04","","-4.69%"
"04/15/2024","21.10","17.63","21.20","14.19","","32.87%"
"04/12/2024","15.88","15.71","19.27","15.21","","25.43%"
"04/11/2024","12.66","14.80","16.76","12.66","","-16.33%"
"04/10/2024","15.13","16.04","17.17","14.26","","13.59%"
"04/09/2024","13.32","12.98","16.41","12.78","","3.34%"
"04/08/2024","12.89","15.10","15.20","12.74","","-11.47%"
"04/05/2024","14.56","14.54","15.84","13.08","","-1.82%"
"04/04/2024","14.83","10.64","16.21","10.62","","24.00%"
"04/03/2024","11.96","13.09","13.16","11.43","","0.76%"
"04/02/2024","11.87","11.74","13.17","11.49","","22.37%"
"04/01/2024","9.70","10.33","10.35","8.48","","3.41%"
"03/28/2024","9.38","8.84","9.69","8.57","","4.11%"
"03/27/2024","9.01","8.78","9.72","8.69","","-4.45%"
"03/26/2024","9.43","9.09","9.88","8.52","","-1.26%"
"03/25/2024","9.55","10.58","10.63","8.77","","-13.65%"
"03/22/2024","11.06","11.99","12.02","10.20","","-10.66%"
"03/21/2024","12.38","13.79","14.27","12.36","","-21.89%"
"03/20/2024","15.85","17.60","18.21","15.50","","-6.32%"
"03/19/2024","16.92","16.77","18.06","16.43","","11.68%"
"03/18/2024","15.15","15.53","15.53","12.49","","5.35%"
"03/15/2024","14.38","14.44","15.69","13.24","","5.12%"
"03/14/2024","13.68","11.02","15.73","10.61","","20.74%"
"03/13/2024","11.33","12.11","12.33","10.76","","-3.33%"
"03/12/2024","11.72","13.84","15.40","11.71","","-26.24%"
"03/11/2024","15.89","17.35","17.35","14.59","","25.91%"
"03/08/2024","12.62","11.58","14.40","9.24","","1.37%"
"03/07/2024","12.45","13.73","14.32","12.30","","-15.13%"
"03/06/2024","14.67","13.44","15.68","13.42","","0.14%"
"03/05/2024","14.65","14.61","16.14","14.01","","9.17%"
"03/04/2024","13.42","17.58","17.66","12.43","","-4.01%"
"03/01/2024","13.98","15.10","16.00","13.98","","-11.69%"
"02/29/2024","15.83","15.35","17.11","15.21","","-2.34%"
"02/28/2024","16.21","16.08","16.30","15.29","","4.45%"
"02/27/2024","15.52","16.05","16.47","15.51","","-3.72%"
"02/26/2024","16.12","19.42","19.42","15.82","","-0.19%"
"02/23/2024","16.15","17.08","17.95","15.90","","-10.53%"
"02/22/2024","18.05","17.71","19.03","16.96","","3.68%"
"02/21/2024","17.41","18.10","19.07","17.03","","1.34%"
"02/20/2024","17.18","17.48","17.65","15.26","","29.17%"
"02/16/2024","13.30","13.21","14.20","11.78","","0.76%"
"02/15/2024","13.20","13.96","14.20","13.14","","-6.78%"
"02/14/2024","14.16","14.02","16.41","13.65","","-8.70%"
"02/13/2024","15.51","16.51","19.54","15.15","","6.67%"
"02/12/2024","14.54","17.25","17.25","13.97","","5.36%"
"02/09/2024","13.80","14.41","14.49","13.34","","-3.16%"
"02/08/2024","14.25","15.18","15.36","14.12","","-5.50%"
"02/07/2024","15.08","15.16","16.32","14.97","","2.45%"
"02/06/2024","14.72","13.98","16.32","13.98","","5.67%"
"02/05/2024","13.93","20.81","20.81","13.66","","-15.22%"
"02/02/2024","16.43","17.06","17.95","16.18","","17.44%"
"02/01/2024","13.99","14.32","16.04","13.59","","-8.62%"
"01/31/2024","15.31","12.83","15.88","12.61","","48.64%"
"01/30/2024","10.30","11.51","11.57","9.99","","-9.57%"
"01/29/2024","11.39","14.49","14.49","11.02","","6.55%"
"01/26/2024","10.69","11.02","12.13","10.43","","-0.83%"
"01/25/2024","10.78","10.94","11.19","10.20","","0.84%"
"01/24/2024","10.69","10.74","11.02","10.07","","4.60%"
"01/23/2024","10.22","11.25","11.45","10.22","","-5.55%"
"01/22/2024","10.82","13.60","13.60","10.78","","-10.06%"
"01/19/2024","12.03","13.43","13.97","12.01","","-15.28%"
"01/18/2024","14.20","14.56","15.91","14.20","","-10.35%"
"01/17/2024","15.84","16.99","17.37","15.62","","12.82%"
"01/16/2024","14.04","17.25","17.25","12.99","","23.70%"
"01/12/2024","11.35","11.06","12.49","11.03","","4.13%"
"01/11/2024","10.90","11.32","13.31","10.80","","-9.62%"
"01/10/2024","12.06","12.33","12.57","11.92","","-3.13%"
"01/09/2024","12.45","13.71","14.05","12.27","","-4.96%"
"01/08/2024","13.10","17.58","17.58","11.63","","-9.22%"
"01/05/2024","14.43","14.67","15.93","13.78","","-9.19%"
"01/04/2024","15.89","16.08","16.20","14.68","","-0.25%"
"01/03/2024","15.93","15.32","16.35","14.10","","14.77%"
"01/02/2024","13.88","17.76","17.76","13.51","","-2.53%"
"12/29/2023","14.24","14.56","16.69","13.74","","-6.01%"
"12/28/2023","15.15","14.98","15.93","14.51","","-4.72%"
"12/27/2023","15.90","17.39","17.48","15.12","","-10.92%"
"12/26/2023","17.85","20.70","20.71","17.61","","-12.84%"
"12/22/2023","20.48","20.70","22.04","20.19","","-3.17%"
"12/21/2023","21.15","20.48","23.76","20.30","","-1.81%"
"12/20/2023","21.54","20.33","23.95","19.92","","5.18%"
"12/19/2023","20.48","19.82","20.55","19.69","","5.40%"
"12/18/2023","19.43","22.59","22.59","17.71","","7.76%"
"12/15/2023","18.03","17.64","18.29","16.05","","6.31%"
"12/14/2023","16.96","20.28","20.28","16.81","","-15.62%"
"12/13/2023","20.10","20.58","21.52","18.47","","-0.45%"
"12/12/2023","20.19","21.27","21.90","19.19","","-6.01%"
"12/11/2023","21.48","29.36","29.36","20.82","","-1.10%"
"12/08/2023","21.72","22.30","23.57","21.72","","-8.51%"
"12/07/2023","23.74","23.30","24.16","23.25","","-2.42%"
"12/06/2023","24.33","23.35","24.64","22.71","","6.20%"
"12/05/2023","22.91","23.56","24.27","22.70","","-0.13%"
"12/04/2023","22.94","28.14","28.14","22.41","","-3.65%"
"12/01/2023","23.81","23.53","24.97","22.83","","-0.42%"
"11/30/2023","23.91","23.68","25.23","23.33","","2.18%"
"11/29/2023","23.40","22.82","24.29","22.63","","6.17%"
"11/28/2023","22.04","21.86","23.90","21.25","","4.50%"
"11/27/2023","21.09","23.87","23.87","20.22","","4.77%"
"11/24/2023","20.13","23.34","23.34","20.10","","-10.17%"
"11/22/2023","22.41","20.96","23.09","20.43","","10.07%"
"11/21/2023","20.36","20.29","20.61","19.47","","3.77%"
"11/20/2023","19.62","23.86","23.86","18.05","","3.75%"
"11/17/2023","18.91","19.24","19.48","18.22","","-3.52%"
"11/16/2023","19.60","20.77","21.33","19.01","","-8.58%"
"11/15/2023","21.44","22.20","22.31","20.68","","-1.06%"
"11/14/2023","21.67","21.34","24.02","21.33","","-9.06%"
"11/13/2023","23.83","28.51","28.51","22.50","","16.93%"
"11/10/2023","20.38","22.89","23.87","20.38","","-16.41%"
"11/09/2023","24.38","22.66","25.51","22.24","","4.05%"
"11/08/2023","23.43","24.99","26.05","22.86","","-6.17%"
"11/07/2023","24.97","25.28","26.21","24.72","","2.25%"
"11/06/2023","24.42","30.28","30.28","24.11","","0.45%"
"11/03/2023","24.31","24.61","26.84","23.78","","-3.53%"
"11/02/2023","25.20","26.47","27.25","24.91","","-11.45%"
"11/01/2023","28.46","29.38","30.83","27.82","","-5.98%"
"10/31/2023","30.27","32.23","32.67","29.09","","-6.08%"
"10/30/2023","32.23","40.56","40.56","31.46","","-6.47%"
"10/27/2023","34.46","29.61","35.63","29.59","","18.58%"
"10/26/2023","29.06","30.38","32.46","28.95","","0.38%"
"10/25/2023","28.95","27.40","31.41","26.99","","19.58%"
"10/24/2023","24.21","25.44","27.52","22.41","","-10.57%"
"10/23/2023","27.07","36.33","36.33","25.87","","-6.94%"
"10/20/2023","29.09","27.61","29.14","25.99","","-1.12%"
"10/19/2023","29.42","24.05","29.52","21.21","","23.56%"
"10/18/2023","23.81","22.68","26.23","22.66","","9.37%"
"10/17/2023","21.77","22.43","23.10","19.84","","9.51%"
"10/16/2023","19.88","24.93","24.93","19.36","","-11.37%"
"10/13/2023","22.43","18.99","25.61","18.77","","15.32%"
"10/12/2023","19.45","17.64","22.97","16.72","","5.25%"
"10/11/2023","18.48","20.04","22.65","18.48","","-12.42%"
"10/10/2023","21.10","22.04","22.17","17.24","","-5.68%"
"10/09/2023","22.37","27.03","27.03","22.25","","0.58%"
"10/06/2023","22.24","24.87","25.43","21.50","","-7.68%"
"10/05/2023","24.09","24.41","26.28","23.21","","-3.68%"
"10/04/2023","25.01","26.05","27.22","24.29","","-6.05%"
"10/03/2023","26.62","26.95","28.70","25.37","","7.56%"
"10/02/2023","24.75","31.34","32.38","6.32","","0.32%"
"09/29/2023","24.67","20.91","25.54","20.05","","3.96%"
"09/28/2023","23.73","26.09","26.45","22.75","","-6.94%"
"09/27/2023","25.50","25.48","28.90","25.03","","-5.13%"
"09/26/2023","26.88","26.17","29.10","25.18","","10.34%"
"09/25/2023","24.36","31.76","31.76","24.00","","-10.11%"
"09/22/2023","27.10","26.00","27.55","24.20","","-6.94%"
"09/21/2023","29.12","27.06","200.54","3.72","","14.11%"
"09/20/2023","25.52","22.70","25.62","21.15","","11.83%"
"09/19/2023","22.82","23.03","24.72","22.39","","2.98%"
"09/18/2023","22.16","24.66","24.66","21.28","","5.22%"
"09/15/2023","21.06","18.96","21.65","18.23","","16.61%"
"09/14/2023","18.06","19.06","20.26","17.91","","-11.95%"
"09/13/2023","20.51","22.01","22.82","20.44","","-10.04%"
"09/12/2023","22.80","22.14","23.45","20.97","","11.76%"
"09/11/2023","20.40","28.13","28.13","20.20","","-1.92%"
"09/08/2023","20.80","21.51","21.75","20.52","","-4.76%"
"09/07/2023","21.84","24.57","24.73","21.42","","-5.37%"
"09/06/2023","23.08","22.61","25.48","21.10","","8.36%"
"09/05/2023","21.30","25.33","25.33","20.45","","8.78%"
"09/01/2023","19.58","19.10","20.67","18.93","","-2.88%"
"08/31/2023","20.16","20.88","21.31","19.67","","-3.91%"
"08/30/2023","20.98","22.51","23.40","20.94","","-7.25%"
"08/29/2023","22.62","24.22","24.42","22.30","","-5.43%"
"08/28/2023","23.92","26.82","26.82","23.60","","-5.00%"
"08/25/2023","25.18","26.33","29.32","24.41","","-11.18%"
"08/24/2023","28.35","22.81","28.96","22.81","","24.56%"
"08/23/2023","22.76","24.22","24.52","22.44","","-9.18%"
"08/22/2023","25.06","24.60","26.90","24.13","","-1.99%"
"08/21/2023","25.57","32.16","32.16","24.77","","0.95%"
"08/18/2023","25.33","29.39","29.39","24.87","","-6.67%"
"08/17/2023","27.14","23.15","27.82","22.95","","9.04%"
"08/16/2023","24.89","23.10","25.36","22.01","","7.15%"
"08/15/2023","23.23","21.30","24.11","20.64","","20.05%"
"08/14/2023","19.35","22.51","23.43","19.10","","-1.23%"
"08/11/2023","19.59","21.83","22.56","19.59","","-9.68%"
"08/10/2023","21.69","18.66","23.59","17.71","","6.01%"
"08/09/2023","20.46","20.04","22.45","19.23","","2.35%"
"08/08/2023","19.99","21.31","23.83","19.60","","8.05%"
"08/07/2023","18.50","19.39","20.91","18.43","","-11.74%"
"08/04/2023","20.96","16.94","22.66","16.25","","24.24%"
"08/03/2023","16.87","19.80","20.53","16.40","","-3.66%"
"08/02/2023","17.51","17.48","18.57","16.82","","26.79%"
"08/01/2023","13.81","13.89","14.59","13.46","","9.69%"
"07/31/2023","12.59","13.36","13.78","12.41","","0.08%"
"07/28/2023","12.58","11.16","14.04","10.92","","-4.70%"
"07/27/2023","13.20","10.61","14.71","10.61","","22.34%"
"07/26/2023","10.79","12.54","12.78","10.59","","16.65%"
"07/25/2023","9.25","9.80","10.10","9.20","","-1.39%"
"07/24/2023","9.38","9.52","10.07","9.20","","0.43%"
"07/21/2023","9.34","9.40","9.65","8.73","","-7.16%"
"07/20/2023","10.06","10.33","11.19","9.48","","2.44%"
"07/19/2023","9.82","9.03","10.00","9.00","","8.15%"
"07/18/2023","9.08","10.05","10.10","8.72","","-5.32%"
"07/17/2023","9.59","10.12","10.20","9.46","","0.31%"
"07/14/2023","9.56","10.12","10.20","9.25","","-5.91%"
"07/13/2023","10.16","10.21","10.54","9.79","","-4.87%"
"07/12/2023","10.68","12.31","12.92","10.63","","-21.47%"
"07/11/2023","13.60","13.80","14.28","13.23","","2.56%"
"07/10/2023","13.26","14.20","14.44","13.12","","0.15%"
"07/07/2023","13.24","14.84","14.84","12.18","","-11.97%"
"07/06/2023","15.04","16.02","18.79","14.04","","10.67%"
"07/05/2023","13.59","14.43","14.71","13.20","","11.67%"
"07/03/2023","12.17","12.25","12.30","11.82","","-2.80%"
"06/30/2023","12.52","11.98","12.62","11.35","","0.24%"
"06/29/2023","12.49","12.93","13.44","12.12","","-1.73%"
"06/28/2023","12.71","13.69","13.74","12.55","","-9.02%"
"06/27/2023","13.97","14.65","14.82","13.59","","-8.75%"
"06/26/2023","15.31","15.49","15.97","14.25","","-1.23%"
"06/23/2023","15.50","16.77","16.77","14.06","","-0.45%"
"06/22/2023","15.57","17.82","18.03","14.67","","-10.93%"
"06/21/2023","17.48","18.68","19.64","17.18","","-1.13%"
"06/20/2023","17.68","19.24","20.41","17.30","","-1.83%"
"06/16/2023","18.01","18.69","19.64","17.73","","-6.05%"
"06/15/2023","19.17","17.94","19.23","17.09","","5.91%"
"06/14/2023","18.10","21.03","21.03","17.62","","-12.31%"
"06/13/2023","20.64","20.59","21.47","19.86","","-0.67%"
"06/12/2023","20.78","19.79","20.95","18.39","","18.81%"
"06/09/2023","17.49","17.19","18.36","16.82","","-1.91%"
"06/08/2023","17.83","19.16","19.68","17.43","","-6.50%"
"06/07/2023","19.07","20.84","21.51","18.82","","-7.87%"
"06/06/2023","20.70","21.90","21.90","20.55","","0.39%"
"06/05/2023","20.62","19.07","21.70","18.73","","5.91%"
"06/02/2023","19.47","17.93","19.97","17.74","","2.20%"
"06/01/2023","19.05","21.78","22.52","18.38","","-17.46%"
"05/31/2023","23.08","24.31","25.40","21.44","","5.97%"
"05/30/2023","21.78","20.32","23.99","17.94","","-7.08%"
"05/26/2023","23.44","27.86","28.06","23.44","","-20.16%"
"05/25/2023","29.36","29.81","31.86","27.78","","-16.54%"
"05/24/2023","35.18","37.44","39.06","34.48","","5.61%"
"05/23/2023","33.31","32.45","35.47","29.87","","13.72%"
"05/22/2023","29.29","29.19","32.81","28.31","","-3.17%"
"05/19/2023","30.25","26.95","31.06","26.31","","7.08%"
"05/18/2023","28.25","31.30","32.52","28.23","","-8.93%"
"05/17/2023","31.02","31.35","33.54","30.06","","-7.51%"
"05/16/2023","33.54","32.40","35.08","31.12","","11.95%"
"05/15/2023","29.96","31.02","33.03","29.94","","4.03%"
"05/12/2023","28.80","26.29","31.07","25.45","","-0.89%"
"05/11/2023","29.06","31.77","34.42","28.39","","-3.36%"
"05/10/2023","30.07","30.02","35.42","28.70","","-9.21%"
"05/09/2023","33.12","32.79","33.64","31.57","","11.59%"
"05/08/2023","29.68","30.15","32.36","29.19","","-5.39%"
"05/05/2023","31.37","31.22","32.50","28.96","","-13.77%"
"05/04/2023","36.38","35.63","40.76","34.18","","12.53%"
"05/03/2023","32.33","32.91","35.57","28.78","","5.79%"
"05/02/2023","30.56","27.40","36.61","26.96","","21.80%"
"05/01/2023","25.09","25.47","25.95","23.22","","-0.79%"
"04/28/2023","25.29","27.30","29.14","24.96","","-7.73%"
"04/27/2023","27.41","29.60","29.94","26.23","","-13.86%"
"04/26/2023","31.82","31.51","34.61","29.49","","11.61%"
"04/25/2023","28.51","27.51","32.30","26.28","","18.64%"
"04/24/2023","24.03","24.48","25.89","23.42","","0.04%"
"04/21/2023","24.02","23.74","26.07","22.81","","-1.07%"
"04/20/2023","24.28","25.62","25.85","22.30","","3.94%"
"04/19/2023","23.36","24.44","24.84","22.15","","-0.34%"
"04/18/2023","23.44","23.54","25.10","22.61","","1.82%"
"04/17/2023","23.02","24.31","24.63","22.57","","-1.16%"
"04/14/2023","23.29","24.72","25.71","23.29","","-5.56%"
"04/13/2023","24.66","25.67","26.66","24.66","","-11.39%"
"04/12/2023","27.83","26.07","29.57","25.44","","1.50%"
"04/11/2023","27.42","26.91","28.04","25.70","","5.66%"
"04/10/2023","25.95","29.27","29.36","25.70","","-2.22%"
"04/06/2023","26.54","29.52","30.51","26.43","","-7.36%"
"04/05/2023","28.65","29.46","30.79","28.02","","2.72%"
"04/04/2023","27.89","28.19","30.70","27.38","","2.88%"
"04/03/2023","27.11","28.62","29.71","26.96","","3.71%"
"03/31/2023","26.14","25.87","26.73","25.45","","-3.33%"
"03/30/2023","27.04","28.45","31.00","26.64","","-10.02%"
"03/29/2023","30.05","29.85","31.32","29.43","","-3.31%"
"03/28/2023","31.08","32.13","34.62","30.70","","0.03%"
"03/27/2023","31.07","31.49","34.18","30.80","","-12.16%"
"03/24/2023","35.37","39.30","42.01","35.15","","-13.37%"
"03/23/2023","40.83","36.95","46.24","36.27","","-5.38%"
"03/22/2023","43.15","40.44","43.81","37.59","","9.27%"
"03/21/2023","39.49","40.12","43.15","39.32","","-9.63%"
"03/20/2023","43.70","45.50","46.80","42.54","","-3.89%"
"03/17/2023","45.47","40.99","47.05","39.55","","12.30%"
"03/16/2023","40.49","47.33","48.97","40.49","","-11.73%"
"03/15/2023","45.87","52.47","54.50","43.90","","-0.76%"
"03/14/2023","46.22","42.96","49.55","41.97","","-9.37%"
"03/13/2023","51.00","61.48","61.92","47.57","","11.48%"
"03/10/2023","45.75","44.34","53.13","42.07","","1.24%"
"03/09/2023","45.19","38.14","47.80","37.20","","12.89%"
"03/08/2023","40.03","41.69","43.77","39.28","","-3.64%"
"03/07/2023","41.54","39.05","42.04","37.50","","10.01%"
"03/06/2023","37.76","38.01","38.95","37.03","","0.67%"
"03/03/2023","37.51","39.26","40.19","37.51","","-7.50%"
"03/02/2023","40.55","43.65","44.01","40.38","","-3.38%"
"03/01/2023","41.97","41.51","43.38","35.99","","0.10%"
"02/28/2023","41.93","41.45","42.32","39.38","","4.28%"
"02/27/2023","40.21","40.41","42.55","39.51","","-4.85%"
"02/24/2023","42.26","43.28","45.05","41.52","","4.04%"
"02/23/2023","40.62","39.68","43.56","39.12","","-5.12%"
"02/22/2023","42.81","44.33","45.72","42.23","","-1.04%"
"02/21/2023","43.26","43.82","45.32","41.36","","24.49%"
"02/17/2023","34.75","35.94","36.63","33.46","","1.40%"
"02/16/2023","34.27","32.67","34.94","30.39","","11.85%"
"02/15/2023","30.64","31.93","32.49","30.08","","-3.95%"
"02/14/2023","31.90","33.18","35.33","30.66","","-6.31%"
"02/13/2023","34.05","37.13","37.28","34.05","","0.89%"
"02/10/2023","33.75","33.97","35.44","32.86","","1.66%"
"02/09/2023","33.20","29.82","34.26","29.33","","5.70%"
"02/08/2023","31.41","31.28","33.49","29.30","","5.02%"
"02/07/2023","29.91","32.25","32.66","28.52","","-4.26%"
"02/06/2023","31.24","29.32","31.72","28.69","","12.01%"
"02/03/2023","27.89","27.83","30.00","26.36","","14.73%"
"02/02/2023","24.31","25.38","25.67","22.07","","-7.14%"
"02/01/2023","26.18","30.02","31.30","26.09","","-9.88%"
"01/31/2023","29.05","30.72","31.18","28.03","","-2.06%"
"01/30/2023","29.66","29.40","31.23","28.52","","8.21%"
"01/27/2023","27.41","29.47","29.65","26.23","","-8.85%"
"01/26/2023","30.07","29.71","31.90","29.56","","2.87%"
"01/25/2023","29.23","32.79","34.13","28.71","","3.87%"
"01/24/2023","28.14","30.22","31.87","27.48","","-5.12%"
"01/23/2023","29.66","30.08","31.46","29.01","","-5.03%"
"01/20/2023","31.23","31.15","31.68","29.31","","1.93%"
"01/19/2023","30.64","33.47","33.81","29.91","","-2.51%"
"01/18/2023","31.43","27.85","32.49","27.57","","11.02%"
"01/17/2023","28.31","30.06","30.08","27.95","","13.74%"
"01/13/2023","24.89","25.42","25.42","23.41","","-1.62%"
"01/12/2023","25.30","28.11","29.16","25.30","","-20.04%"
"01/11/2023","31.64","31.55","32.14","30.71","","0.76%"
"01/10/2023","31.40","35.51","35.54","31.14","","-8.93%"
"01/09/2023","34.48","33.93","34.68","33.17","","6.19%"
"01/06/2023","32.47","32.76","33.64","31.70","","-7.10%"
"01/05/2023","34.95","35.36","36.40","34.51","","0.95%"
"01/04/2023","34.62","37.37","37.55","34.30","","-5.18%"
"01/03/2023","36.51","37.19","37.85","35.22","","4.46%"
"12/30/2022","34.95","37.00","37.51","34.14","","-4.40%"
"12/29/2022","36.56","37.10","37.69","36.17","","-5.87%"
"12/28/2022","38.84","39.31","40.09","36.74","","1.60%"
"12/27/2022","38.23","39.94","40.83","37.99","","-3.17%"
"12/23/2022","39.48","40.20","42.87","39.06","","-6.40%"
"12/22/2022","42.18","42.08","46.63","41.15","","-1.22%"
"12/21/2022","42.70","42.74","44.84","41.95","","-2.44%"
"12/20/2022","43.77","46.40","46.42","43.30","","-3.29%"
"12/19/2022","45.26","45.00","45.71","42.07","","-0.04%"
"12/16/2022","45.28","44.91","45.65","42.25","","1.66%"
"12/15/2022","44.54","43.90","46.33","42.89","","3.51%"
"12/14/2022","43.03","46.43","48.67","42.26","","-8.41%"
"12/13/2022","46.98","43.97","52.10","43.63","","0.47%"
"12/12/2022","46.76","43.58","47.62","42.81","","7.79%"
"12/09/2022","43.38","43.17","43.83","41.36","","-0.50%"
"12/08/2022","43.60","44.26","46.67","42.65","","-4.36%"
"12/07/2022","45.59","45.94","47.38","44.82","","4.56%"
"12/06/2022","43.60","40.15","44.72","31.74","","6.89%"
"12/05/2022","40.79","39.73","41.99","38.18","","4.03%"
"12/02/2022","39.21","41.31","41.56","37.93","","-5.93%"
"12/01/2022","41.68","44.67","44.98","41.66","","-7.77%"
"11/30/2022","45.19","45.13","47.71","38.78","","3.50%"
"11/29/2022","43.66","43.68","45.23","43.19","","0.65%"
"11/28/2022","43.38","42.18","44.65","40.88","","7.80%"
"11/25/2022","40.24","41.61","42.53","39.78","","-5.07%"
"11/23/2022","42.39","45.81","46.30","42.13","","-5.90%"
"11/22/2022","45.05","45.19","45.94","43.72","","0.78%"
"11/21/2022","44.70","47.39","47.39","44.53","","-5.89%"
"11/18/2022","47.50","46.38","48.19","45.47","","-1.49%"
"11/17/2022","48.22","48.63","50.18","47.46","","2.92%"
"11/16/2022","46.85","48.01","48.34","45.98","","-3.14%"
"11/15/2022","48.37","46.50","50.79","46.18","","5.22%"
"11/14/2022","45.97","47.11","47.29","44.09","","16.85%"
"11/11/2022","39.34","44.05","44.78","38.94","","-14.79%"
"11/10/2022","46.17","42.32","46.52","42.32","","-8.17%"
"11/09/2022","50.28","51.68","52.85","49.63","","-2.50%"
"11/08/2022","51.57","48.84","52.95","47.74","","7.30%"
"11/07/2022","48.06","50.13","50.51","47.40","","-3.05%"
"11/04/2022","49.57","50.26","52.60","48.95","","-5.35%"
"11/03/2022","52.37","56.45","56.76","51.47","","-3.75%"
"11/02/2022","54.41","56.99","64.77","53.60","","-1.61%"
"11/01/2022","55.30","55.28","57.46","54.65","","2.71%"
"10/31/2022","53.84","56.45","57.03","53.46","","-2.94%"
"10/28/2022","55.47","51.85","57.03","51.85","","15.30%"
"10/27/2022","48.11","51.05","52.02","46.47","","-4.86%"
"10/26/2022","50.57","52.62","53.75","50.19","","-0.37%"
"10/25/2022","50.76","52.84","54.46","50.02","","-2.93%"
"10/24/2022","52.29","54.03","114.94","51.71","","3.50%"
"10/21/2022","50.52","48.50","52.51","46.78","","3.93%"
"10/20/2022","48.61","49.47","51.48","48.06","","0.64%"
"10/19/2022","48.30","50.44","50.84","48.09","","1.13%"
"10/18/2022","47.76","49.23","52.06","47.21","","-2.77%"
"10/17/2022","49.12","45.78","49.12","45.78","","4.85%"
"10/14/2022","46.85","47.42","51.20","46.53","","-3.32%"
"10/13/2022","48.46","46.24","50.57","45.93","","-1.16%"
"10/12/2022","49.03","51.54","52.22","48.85","","-1.70%"
"10/11/2022","49.88","50.37","53.08","48.80","","6.38%"
"10/10/2022","46.89","46.92","49.57","46.38","","5.09%"
"10/07/2022","44.62","44.23","46.93","44.00","","-3.40%"
"10/06/2022","46.19","44.33","46.55","43.91","","3.98%"
"10/05/2022","44.42","47.11","48.14","44.42","","-4.92%"
"10/04/2022","46.72","43.55","46.92","43.55","","2.75%"
"10/03/2022","45.47","43.17","46.64","42.90","","5.87%"
"09/30/2022","42.95","44.63","46.61","41.54","","-5.04%"
"09/29/2022","45.23","47.29","48.92","44.76","","-1.33%"
"09/28/2022","45.84","49.30","51.11","45.78","","-8.14%"
"09/27/2022","49.90","48.83","57.46","47.53","","-2.00%"
"09/26/2022","50.92","50.44","51.98","46.33","","1.94%"
"09/23/2022","49.95","50.83","54.10","48.75","","-3.76%"
"09/22/2022","51.90","52.59","55.32","50.67","","-3.78%"
"09/21/2022","53.94","52.90","58.66","49.15","","2.80%"
"09/20/2022","52.47","52.98","53.95","50.49","","7.65%"
"09/19/2022","48.74","51.72","51.84","43.36","","-2.56%"
"09/16/2022","50.02","51.99","55.37","49.24","","-2.48%"
"09/15/2022","51.29","51.85","52.90","49.71","","-0.58%"
"09/14/2022","51.59","51.91","54.73","51.43","","0.53%"
"09/13/2022","51.32","49.02","55.30","47.97","","3.16%"
"09/12/2022","49.75","47.12","50.85","46.95","","7.71%"
"09/09/2022","46.19","42.99","47.20","42.99","","-0.41%"
"09/08/2022","46.38","50.04","50.28","45.91","","-3.82%"
"09/07/2022","48.22","50.51","51.45","47.15","","-4.76%"
"09/06/2022","50.63","45.83","52.04","45.60","","8.07%"
"09/02/2022","46.85","42.50","49.32","42.08","","-4.85%"
"09/01/2022","49.24","51.44","53.37","47.61","","-2.15%"
"08/31/2022","50.32","50.33","51.76","49.00","","-1.39%"
"08/30/2022","51.03","50.19","54.04","49.94","","0.06%"
"08/29/2022","51.00","51.20","51.97","49.04","","3.83%"
"08/26/2022","49.12","44.37","51.14","43.50","","5.59%"
"08/25/2022","46.52","48.04","48.43","46.01","","-0.19%"
"08/24/2022","46.61","47.82","48.49","45.63","","-5.09%"
"08/23/2022","49.11","47.43","49.54","46.26","","5.18%"
"08/22/2022","46.69","46.97","49.38","45.66","","15.80%"
"08/19/2022","40.32","39.60","42.63","39.07","","-1.56%"
"08/18/2022","40.96","41.21","42.45","39.97","","0.42%"
"08/17/2022","40.79","40.91","42.86","39.15","","1.77%"
"08/16/2022","40.08","39.58","41.37","38.93","","3.78%"
"08/15/2022","38.62","38.85","38.89","36.30","","7.22%"
"08/12/2022","36.02","35.25","36.78","34.27","","-5.34%"
"08/11/2022","38.05","38.98","40.44","37.48","","0.45%"
"08/10/2022","37.88","38.22","40.74","36.76","","-5.42%"
"08/09/2022","40.05","40.79","41.96","39.24","","4.05%"
"08/08/2022","38.49","39.11","40.35","37.14","","-3.05%"
"08/05/2022","39.70","40.57","41.32","38.09","","1.53%"
"08/04/2022","39.10","42.96","43.51","39.10","","-6.55%"
"08/03/2022","41.84","43.49","44.12","40.69","","-7.29%"
"08/02/2022","45.13","44.57","47.55","41.24","","7.81%"
"08/01/2022","41.86","42.33","43.87","40.50","","5.97%"
"07/29/2022","39.50","39.22","41.15","39.22","","2.95%"
"07/28/2022","38.37","38.48","40.82","37.54","","-3.37%"
"07/27/2022","39.71","38.44","40.66","38.03","","14.93%"
"07/26/2022","34.55","34.74","37.30","34.04","","5.95%"
"07/25/2022","32.61","33.82","35.31","31.94","","0.90%"
"07/22/2022","32.32","32.09","33.37","30.71","","-7.58%"
"07/21/2022","34.97","38.00","39.34","34.23","","-7.27%"
"07/20/2022","37.71","38.39","38.90","36.14","","0.83%"
"07/19/2022","37.40","35.88","38.39","35.73","","0.48%"
"07/18/2022","37.22","36.34","39.09","35.12","","3.79%"
"07/15/2022","35.86","35.99","38.36","35.22","","-10.53%"
"07/14/2022","40.08","42.49","43.85","39.43","","-1.60%"
"07/13/2022","40.73","43.57","44.07","39.14","","0.05%"
"07/12/2022","40.71","41.50","42.35","39.22","","2.96%"
"07/11/2022","39.54","40.51","40.93","38.99","","6.18%"
"07/08/2022","37.24","38.82","39.81","36.63","","-10.11%"
"07/07/2022","41.43","40.14","41.62","39.66","","1.17%"
"07/06/2022","40.95","41.93","43.13","40.66","","-2.20%"
"07/05/2022","41.87","43.83","45.06","41.07","","3.20%"
"07/01/2022","40.57","41.18","42.85","38.71","","-6.56%"
"06/30/2022","43.42","46.02","47.65","42.76","","-3.06%"
"06/29/2022","44.79","45.61","47.22","43.78","","0.38%"
"06/28/2022","44.62","42.72","45.66","42.36","","6.75%"
"06/27/2022","41.80","44.86","45.63","41.60","","-10.53%"
"06/24/2022","46.72","47.91","49.10","45.23","","-8.73%"
"06/23/2022","51.19","51.97","53.39","50.71","","0.49%"
"06/22/2022","50.94","54.75","56.01","50.78","","-7.25%"
"06/21/2022","54.92","46.86","57.50","46.86","","5.76%"
"06/17/2022","51.93","51.46","54.36","49.10","","-0.13%"
"06/16/2022","52.00","58.01","58.95","51.97","","-6.53%"
"06/15/2022","55.63","54.72","56.28","45.80","","1.20%"
"06/14/2022","54.97","54.14","56.56","52.75","","1.07%"
"06/13/2022","54.39","57.86","57.86","52.07","","9.68%"
"06/10/2022","49.59","49.68","52.62","49.01","","-2.05%"
"06/09/2022","50.63","48.94","51.39","46.95","","6.88%"
"06/08/2022","47.37","48.43","49.81","46.92","","1.15%"
"06/07/2022","46.83","47.32","48.54","45.97","","2.99%"
"06/06/2022","45.47","43.34","46.52","42.94","","4.72%"
"06/03/2022","43.42","46.59","47.20","43.42","","-6.96%"
"06/02/2022","46.67","47.56","48.86","44.63","","-1.64%"
"06/01/2022","47.45","48.10","51.57","47.03","","-2.65%"
"05/31/2022","48.74","53.51","53.55","48.35","","-2.99%"
"05/27/2022","50.24","49.06","51.22","48.36","","-3.57%"
"05/26/2022","52.10","51.09","53.55","50.99","","3.01%"
"05/25/2022","50.58","51.53","53.01","49.95","","2.12%"
"05/24/2022","49.53","50.23","52.12","48.70","","-1.35%"
"05/23/2022","50.21","47.49","50.84","47.28","","3.74%"
"05/20/2022","48.40","47.31","50.64","46.51","","0.29%"
"05/19/2022","48.26","50.38","51.92","47.69","","-3.03%"
"05/18/2022","49.77","51.30","52.50","48.37","","0.89%"
"05/17/2022","49.33","45.01","49.87","45.01","","8.44%"
"05/16/2022","45.49","45.75","47.40","44.81","","-1.98%"
"05/13/2022","46.41","44.40","49.08","44.20","","-3.99%"
"05/12/2022","48.34","51.30","53.04","47.80","","-2.26%"
"05/11/2022","49.46","52.05","55.28","48.65","","-6.24%"
"05/10/2022","52.75","49.68","55.04","49.68","","1.93%"
"05/09/2022","51.75","52.32","53.30","48.70","","6.86%"
"05/06/2022","48.43","50.24","56.07","47.45","","-5.17%"
"05/05/2022","51.07","46.16","55.22","45.68","","11.68%"
"05/04/2022","45.73","49.13","50.35","43.70","","-4.89%"
"05/03/2022","48.08","50.12","52.11","47.29","","-8.65%"
"05/02/2022","52.63","51.31","57.34","50.58","","4.32%"
"04/29/2022","50.45","46.84","54.29","45.10","","9.39%"
"04/28/2022","46.12","43.68","48.71","41.56","","5.61%"
"04/27/2022","43.67","43.62","46.48","41.13","","1.75%"
"04/26/2022","42.92","36.45","43.70","36.45","","21.69%"
"04/25/2022","35.27","39.84","41.96","34.18","","-7.26%"
"04/22/2022","38.03","30.69","38.16","29.82","","26.94%"
"04/21/2022","29.96","24.47","31.25","24.42","","20.56%"
"04/20/2022","24.85","28.03","28.20","24.62","","-21.26%"
"04/19/2022","31.56","33.24","33.70","27.91","","-0.06%"
"04/18/2022","31.58","36.48","36.48","30.68","","-3.66%"
"04/14/2022","32.78","27.40","32.81","26.75","","10.00%"
"04/13/2022","29.80","33.68","34.55","28.40","","-11.83%"
"04/12/2022","33.80","30.00","35.32","28.98","","5.23%"
"04/11/2022","32.12","27.95","32.51","27.62","","29.78%"
"04/08/2022","24.75","26.05","27.16","22.77","","-6.81%"
"04/07/2022","26.56","28.02","31.41","25.34","","-5.88%"
"04/06/2022","28.22","32.76","35.08","27.88","","3.07%"
"04/05/2022","27.38","23.39","29.16","21.84","","28.54%"
"04/04/2022","21.30","24.60","24.99","20.78","","-8.70%"
"04/01/2022","23.33","25.43","27.05","22.56","","-16.56%"
"03/31/2022","27.96","26.69","32.11","25.41","","9.73%"
